{
    "-1": {
        "NLL": 118887.8075694094,
        "SLSQP": {
            "AFB": 0.0038833470996479918,
            "errAFB": 0.0014244857938974374,
            "fh": 0.19759665798581022,
            "errFH": 0.0035612204768442385
        },
        "Minuit": {
            "AFB": 0.0038610857865473388,
            "errAFB": 0.0014245317535186595,
            "fh": 0.19760411464841537,
            "errFH": 0.0035613474087350383
        }
    },
    "Complete": {
        "NLL": 2184381.965329781,
        "SLSQP": {
            "AFB": 0.0007622737707260316,
            "errAFB": 0.00023136767487378637,
            "fh": 0.020870113985224426,
            "errFH": 0.000534412522841466
        },
        "Minuit": {
            "AFB": 0.0007610837121014384,
            "errAFB": 0.0002313853641761832,
            "fh": 0.020870313045497,
            "errFH": 0.0005344480058168127
        }
    },
    "0": {
        "NLL": 121095.59088480461,
        "SLSQP": {
            "AFB": 0.004977769478521471,
            "errAFB": 0.0011623310116258957,
            "fh": 0.06205388297099911,
            "errFH": 0.002808626867665816
        },
        "Minuit": {
            "AFB": 0.0049779671107271365,
            "errAFB": 0.001162433665193261,
            "fh": 0.06205273708008492,
            "errFH": 0.0028088628932638675
        }
    },
    "1": {
        "NLL": 268754.40400611924,
        "SLSQP": {
            "AFB": 0.0019215217963834237,
            "errAFB": 0.0006907377899873578,
            "fh": 0.02658058577705265,
            "errFH": 0.0016167932178923698
        },
        "Minuit": {
            "AFB": 0.0019206066497708355,
            "errAFB": 0.0006909496458542449,
            "fh": 0.02659907211941992,
            "errFH": 0.0016173466157460717
        }
    },
    "2": {
        "NLL": 488107.55025194754,
        "SLSQP": {
            "AFB": 0.0009460060084599565,
            "errAFB": 0.00045127773940348205,
            "fh": 0.010729673970080462,
            "errFH": 0.0010215051490544264
        },
        "Minuit": {
            "AFB": 0.0009477945581887049,
            "errAFB": 0.0004515370071189188,
            "fh": 0.010733094460994725,
            "errFH": 0.001022069915060231
        }
    },
    "3": {
        "NLL": 230731.21976252744,
        "SLSQP": {
            "AFB": 0.0004284387336431223,
            "errAFB": 0.0006355084426198094,
            "fh": 0.005684935362700485,
            "errFH": 0.00143121367390543
        },
        "Minuit": {
            "AFB": 0.0004281429105758601,
            "errAFB": 0.0006358150824502161,
            "fh": 0.005690837046518957,
            "errFH": 0.001431888895106854
        }
    },
    "4": {
        "NLL": 227383.9029346266,
        "SLSQP": {
            "AFB": 0.0003820104835325297,
            "errAFB": 0.0006161080356691729,
            "fh": 0.0032641223563819126,
            "errFH": 0.001376040048015734
        },
        "Minuit": {
            "AFB": 0.00037935074029279005,
            "errAFB": 0.0006162463563740152,
            "fh": 0.0032603288516627376,
            "errFH": 0.0013761666441635416
        }
    },
    "5": {
        "NLL": 170847.70496511628,
        "SLSQP": {
            "AFB": -0.0006978695336538195,
            "errAFB": 0.0006253547188801476,
            "fh": 0.0022162369821734505,
            "errFH": 0.0013579329330959957
        },
        "Minuit": {
            "AFB": -0.000680996098978311,
            "errAFB": 0.0006218801369477584,
            "fh": 0.002204080508082009,
            "errFH": 0.0013501402394117965
        }
    },
    "6": {
        "NLL": 152283.71894510215,
        "SLSQP": {
            "AFB": -7.548571891889254e-05,
            "errAFB": 0.0006997444920998352,
            "fh": 0.0017105251511871243,
            "errFH": 0.0015383027184276974
        },
        "Minuit": {
            "AFB": -7.335891302485547e-05,
            "errAFB": 0.0006997543920463516,
            "fh": 0.0017019434138556427,
            "errFH": 0.0015378951631749142
        }
    },
    "7": {
        "NLL": 175768.38569764228,
        "SLSQP": {
            "AFB": -0.0005833081147634879,
            "errAFB": 0.000680611468864573,
            "fh": 0.003407840927763865,
            "errFH": 0.001504873547508317
        },
        "Minuit": {
            "AFB": -0.0005739044847297605,
            "errAFB": 0.0006776583734680473,
            "fh": 0.0034000564633992073,
            "errFH": 0.0014982237740087335
        }
    },
    "8": {
        "NLL": 220808.63204969018,
        "SLSQP": {
            "AFB": -0.0008151838689528897,
            "errAFB": 0.0005233177813522001,
            "fh": 0.0015101841374415717,
            "errFH": 0.0010927908914909316
        },
        "Minuit": {
            "AFB": -0.0007982070965691393,
            "errAFB": 0.0004440048758084055,
            "fh": 0.0015180836550591158,
            "errFH": 0.0009275998193205893
        }
    },
    "9": {
        "NLL": 582829.5503781346,
        "SLSQP": {
            "AFB": 0.002218611962375113,
            "errAFB": 0.00047684124530056104,
            "fh": 0.030038789827543957,
            "errFH": 0.0011208999662917583
        },
        "Minuit": {
            "AFB": 0.0022376298767050966,
            "errAFB": 0.00047687483070426315,
            "fh": 0.030030347354169793,
            "errFH": 0.0011209310223797982
        }
    },
    "10": {
        "NLL": 2056152.3399027153,
        "SLSQP": {
            "AFB": 0.000527029114869815,
            "errAFB": 0.000223259175818995,
            "fh": 0.010745685147375405,
            "errFH": 0.0005080618523321012
        },
        "Minuit": {
            "AFB": 0.0005193472634736489,
            "errAFB": 0.00022332897179726732,
            "fh": 0.01075230762299233,
            "errFH": 0.0005082273239765728
        }
    }
}