,deg,slope,intercept,median
0,0,-21.323308270676712,15.66165413533835,0.09100954535809494
1,1,-1.4736842105263168,5.736842105263157,0.41085228691582465
2,2,10.045112781954888,-0.022556390977441942,0.6695109704657904
