{
    "-1": {
        "NLL": 118887.8075694094,
        "SLSQP": {
            "AFB": 0.0038833470996479918,
            "errAFB": 0.0014244857938974374,
            "fh": 0.19759665798581022,
            "errFH": 0.0035612204768442385
        },
        "Minuit": {
            "AFB": 0.0038610857865473388,
            "errAFB": 0.0014245317535186595,
            "fh": 0.19760411464841537,
            "errFH": 0.0035613474087350383
        }
    }
}